{
  "norm_stats": {
    "state": {
      "mean": [
        -0.09510140120983124,
        0.05528489500284195,
        0.008961325511336327,
        0.11338870972394943,
        0.18776245415210724,
        -0.09124290198087692,
        0.11562857776880264,
        0.08451918512582779,
        -0.033284712582826614,
        -0.07068541646003723,
        0.2186790108680725,
        -0.0889858603477478,
        0.1359722763299942,
        0.04999997094273567,
        0.06801006942987442,
        0.28364208340644836,
        0.0921134278178215,
        -0.018163811415433884,
        -0.300205796957016,
        1.482747197151184
      ],
      "std": [
        0.11799047887325287,
        0.13222800195217133,
        0.08389544486999512,
        0.2982630729675293,
        0.2744094729423523,
        0.25354111194610596,
        0.0008114462834782898,
        0.12000066787004471,
        0.12929055094718933,
        0.07945537567138672,
        0.32685327529907227,
        0.2781755030155182,
        0.21464350819587708,
        0.00004037096005049534,
        0.05291065573692322,
        0.06067631393671036,
        0.09839535504579544,
        0.10188084840774536,
        1.102305293083191,
        2.059443712234497
      ],
      "q01": [
        -0.44641730675846336,
        -0.1942011652946472,
        -0.1947648538827896,
        -0.37999779917001725,
        -0.23295616252422333,
        -0.6193124905109405,
        0.11230324956029654,
        -0.0440141630768776,
        -0.28084526538848875,
        -0.22269928915947676,
        -0.323549299120903,
        -0.9578457063436508,
        -0.16292475049197674,
        0.05000000074505806,
        -0.00985313329398632,
        0.16540680543780326,
        -0.167230525508523,
        -0.2166677319049835,
        -1.629261190032959,
        -2.78288148355484
      ],
      "q99": [
        0.04102591679990292,
        0.5124269902229308,
        0.17717887341976163,
        0.8722404550075531,
        1.0286813934504986,
        0.2580033753037453,
        0.11661190247386694,
        0.46240506634116174,
        0.349065146446228,
        0.10048206159174439,
        1.0761761658787727,
        0.38972874343395225,
        0.567705573797226,
        0.05000000074505806,
        0.19730559578537943,
        0.3882098617851734,
        0.24003435312211513,
        0.2099479374408722,
        1.5456461716651915,
        2.7852067167758943
      ]
    },
    "actions": {
      "mean": [
        -0.002875124104321003,
        0.001153264194726944,
        -0.0017725983634591103,
        0.8836385011672974,
        0.004993949551135302,
        -0.004912615288048983,
        0.8836197257041931,
        -0.0038985402788966894,
        0.004815049935132265,
        -0.00001875957786978688,
        0.0032687154598534107,
        0.0010152680333703756,
        -0.0020837157499045134,
        0.8836689591407776,
        -0.0036793153267353773,
        0.0036100144498050213,
        0.8836238384246826,
        0.002915822435170412,
        0.00493229553103447,
        0.0
      ],
      "std": [
        0.005191920790821314,
        0.004124064464122057,
        0.0032847856637090445,
        0.32041940093040466,
        0.010673525743186474,
        0.010558842681348324,
        0.32041510939598083,
        0.012372281402349472,
        0.013380369171500206,
        0.0001323018950643018,
        0.005222806241363287,
        0.004238768480718136,
        0.003144119633361697,
        0.32043325901031494,
        0.009400133974850178,
        0.009389348328113556,
        0.32041826844215393,
        0.01151377521455288,
        0.014335901476442814,
        0.0
      ],
      "q01": [
        -0.02369732172489166,
        -0.007760712631046772,
        -0.01119262105077505,
        0.0,
        -0.014345273241400721,
        -0.033382547181099655,
        0.0,
        -0.05456222980022431,
        -0.032132820296287536,
        -0.000539335985481739,
        -0.0012219268202781678,
        -0.007847405411303044,
        -0.010576592743396758,
        0.0,
        -0.02864899086356163,
        -0.021033006850257517,
        0.0,
        -0.018371817437931894,
        -0.03040260755866766,
        0.0
      ],
      "q99": [
        0.0018280982397496717,
        0.016148320576548577,
        0.0031073926478624343,
        0.9998,
        0.034440473221242426,
        0.01435628620907664,
        0.9998,
        0.020599171930551524,
        0.053946398234367365,
        0.00019962176084518436,
        0.024608857786655426,
        0.01606879159808159,
        0.0034287934154272077,
        0.9998,
        0.021095135385543112,
        0.028985328562185164,
        0.9998,
        0.054357711758464586,
        0.04942636750191451,
        0.0
      ]
    }
  }
}